epoch,time,train/box_loss,train/cls_loss,train/dfl_loss,metrics/precision(B),metrics/recall(B),metrics/mAP50(B),metrics/mAP50-95(B),val/box_loss,val/cls_loss,val/dfl_loss,lr/pg0,lr/pg1,lr/pg2
1,163.292,1.49733,1.56349,1.58265,0.45867,0.45299,0.43888,0.22138,1.78229,1.72516,1.91252,0.000417,0.000417,0.000417
2,300.984,1.4487,1.51899,1.54553,0.5296,0.43839,0.4395,0.22552,1.78414,1.74698,1.90409,0.000408743,0.000408743,0.000408743
3,437.425,1.43006,1.5173,1.53353,0.56622,0.4113,0.4545,0.23276,1.7467,1.70826,1.8641,0.000400487,0.000400487,0.000400487
4,573.705,1.41912,1.501,1.5276,0.4685,0.44171,0.4278,0.21733,1.7645,1.72596,1.88551,0.00039223,0.00039223,0.00039223
5,710.503,1.41252,1.48307,1.51634,0.56119,0.45237,0.43839,0.22334,1.77379,1.70995,1.88326,0.000383974,0.000383974,0.000383974
6,847.203,1.40228,1.46689,1.51748,0.45583,0.49084,0.43895,0.22359,1.76831,1.71783,1.8805,0.000375717,0.000375717,0.000375717
7,983.728,1.39507,1.45647,1.50973,0.56823,0.42764,0.4404,0.22049,1.7473,1.73242,1.8711,0.00036746,0.00036746,0.00036746
8,1119.69,1.38204,1.43683,1.4987,0.47592,0.46547,0.44349,0.22184,1.79397,1.67692,1.91311,0.000359204,0.000359204,0.000359204
